Model,Train_Accuracy,Test_Accuracy,Precision,Recall,F1 Score,ROC_AUC
XGBoost,0.9912790697674418,0.885,0.8801142857142858,0.885,0.8822424011744875,0.8714700996677741
Bagging (DT),0.9992732558139535,0.87,0.87,0.87,0.87,0.8575581395348839
Random Forest,0.9992732558139535,0.87,0.8661892130857648,0.87,0.8679683151359451,0.8562084717607973
SVM,0.9156976744186046,0.85,0.8882284382284383,0.85,0.863008130081301,0.8853820598006644
Logistic Regression,0.8531976744186046,0.815,0.8888902821316615,0.815,0.8372118125498841,0.9090531561461794
Decision Tree,0.9992732558139535,0.79,0.824875,0.79,0.8047342310418144,0.6536544850498339
KNN,0.9113372093023255,0.765,0.8465078369905956,0.765,0.7932150051309338,0.8334717607973423
